Table Name,Business Name,Field Name,DATA_TYPE,is Primary Key,is Foreign Key,reference table,reference column,Description
FACTACCOUNTSNAPSHOT_FINAL,Reporting Period Key,REPORTINGPERIODKEY,NUMBER,YES,NO,,REPORTINGPERIODKEY,Reporting Period Key in FactAccountSnapshot_Final Table is a component key column which identifies the Cycle Date(YYYYMM) and forms a Composite Key with other Key Columns in the  fact table.
FACTACCOUNTSNAPSHOT_FINAL,Reporting Period,FILTERREPORTINGPERIOD,VARCHAR,No,No,,,"It captures the operational date on which the data record is considered valid for business analysis, reporting, and compliance purposes."
FACTACCOUNTSNAPSHOT_FINAL,Account ID,ACCOUNTID,NUMBER,YES,NO,,ACCOUNTID,Unique numbers identifing the account.
FACTACCOUNTSNAPSHOT_FINAL,Customer ID,CUSTOMERID,NUMBER,YES,NO,,CUSTOMERID,Unique numbers identifying the Customer ID.
FACTACCOUNTSNAPSHOT_FINAL,SPA Key,SPAKEY,NUMBER,NO,YES,DIMRAWPRODUCTMCC,SPAKEY,Foreign Key to Join DimSPA Table 
FACTACCOUNTSNAPSHOT_FINAL,External Status Key,EXTERNALSTATUSKEY,NUMBER,NO,YES,DIMEXTERNALSTATUS,EXTERNALSTATUSKEY,ExternalStatusKey is Foreign Key to Join DimExternalStatus TABLE.
FACTACCOUNTSNAPSHOT_FINAL,Account Behavior Key,ACCOUNTBEHAVIORKEY,NUMBER,NO,YES,DIMACCOUNTBEHAVIOR,ACCOUNTBEHAVIORKEY,ACCOUNTBEHAVIORKEY is Foreign Key to Join DimACCOUNTBEHAVIOR TABLE.
FACTACCOUNTSNAPSHOT_FINAL,Balance Key,BALANCEKEY,NUMBER,NO,YES,DIMBALANCE,BALANCEKEY,BALANCEKEY is Foreign Key to Join DimBalance TABLE.
FACTACCOUNTSNAPSHOT_FINAL,Credit Limit Information Key,CREDITLIMITINFORMATIONKEY,NUMBER,NO,YES,DIMCREDITLIMITINFORMATION,CREDITLIMITINFORMATIONKEY,CREDITLIMITINFORMATIONKEY is Foreign Key to Join DimCREDITLIMITINFORMATION TABLE.
FACTACCOUNTSNAPSHOT_FINAL,Decile Key,DECILEKEY,NUMBER,NO,YES,DIMDECILE,DECILEKEY,DECILEKEY is Foreign Key to Join DimDECILE TABLE.
FACTACCOUNTSNAPSHOT_FINAL,New Account Key,NEWACCOUNTKEY,NUMBER,NO,YES,DIMNEWACCOUNT,NEWACCOUNTKEY,NEWACCOUNTKEY is Foreign Key to Join DimNEWACCOUNT TABLE.
FACTACCOUNTSNAPSHOT_FINAL,Delinquency Key,DELINQUENCYKEY,NUMBER,NO,YES,DIMDELINQUENCY,DELINQUENCYKEY,DELINQUENCYKEY is Foreign Key to Join DimDELINQUENCY TABLE.
FACTACCOUNTSNAPSHOT_FINAL,Fee Key,FEEKEY,NUMBER,NO,YES,DIMFEEINFORMATION,FEEKEY,FEEKEY is Foreign Key to Join DimFEE TABLE.
FACTACCOUNTSNAPSHOT_FINAL,Geography Key,GEOGRAPHYKEY,NUMBER,NO,YES,DIMGEOGRAPHY,GEOGRAPHYKEY,GEOGRAPHYKEY is Foreign Key to Join DimGeography TABLE.
FACTACCOUNTSNAPSHOT_FINAL,Months on Books Key,MONTHSONBOOKSKEY,NUMBER,NO,YES,DIMMONTHSONBOOKS,MONTHSONBOOKSKEY,MONTHSONBOOKSKEY is Foreign Key to Join DimMONTHSONBOOKS TABLE.
FACTACCOUNTSNAPSHOT_FINAL,Origination Characteristics Key,ORIGINATIONCHARACTERISTICSKEY,NUMBER,NO,YES,DIMORIGINATIONCHARACTERISTICS,ORIGINATIONCHARACTERISTICSKEY,ORIGINATIONCHARACTERISTICSKEY is Foreign Key to Join DimORIGINATIONCHARACTERISTICS TABLE.
FACTACCOUNTSNAPSHOT_FINAL,Payment Behavior Key,PAYMENTBEHAVIORKEY,NUMBER,NO,YES,DIMPAYMENTBEHAVIOR,PAYMENTBEHAVIORKEY,PAYMENTBEHAVIORKEY is Foreign Key to Join DimPAYMENTBEHAVIOR TABLE.
FACTACCOUNTSNAPSHOT_FINAL,Pricing Key,PRICINGKEY,NUMBER,NO,YES,DIMPRICING_CR_INTERESTTYPE,PRICINGKEY,PRICINGKEY is Foreign Key to Join DimPricing TABLE.
FACTACCOUNTSNAPSHOT_FINAL,Product Key,PRODUCTKEY,NUMBER,NO,YES,DIMPRODUCT,PRODUCTKEY,PRODUCTKEY is Foreign Key to Join DimExternalStatus TABLE.
FACTACCOUNTSNAPSHOT_FINAL,Purchase Behavior Key,PURCHASEBEHAVIORKEY,NUMBER,NO,YES,DIMPURCHASEBEHAVIOR,PURCHASEBEHAVIORKEY,PURCHASEBEHAVIORKEY is Foreign Key to Join DimPURCHASEBEHAVIOR TABLE.
FACTACCOUNTSNAPSHOT_FINAL,Repricing Key,REPRICINGKEY,NUMBER,NO,YES,DIMREPRICINGINFORMATION,REPRICINGKEY,REPRICINGKEY is Foreign Key to Join DimREPRICING TABLE.
FACTACCOUNTSNAPSHOT_FINAL,Risk Key,RISKKEY,NUMBER,NO,YES,DIMRISK,RISKKEY,RISKKEY is Foreign Key to Join DimRISK TABLE.
FACTACCOUNTSNAPSHOT_FINAL,Status Key,STATUSKEY,NUMBER,NO,YES,DIMSTATUS,STATUSKEY,STATUSKEY is Foreign Key to Join DimStatus TABLE.
FACTACCOUNTSNAPSHOT_FINAL,Month-End Delinquency Key,MONTHENDDELINQUENCYKEY,NUMBER,NO,YES,DIMMONTHENDDELINQUENCY,MONTHENDDELINQUENCYKEY,MONTHENDDELINQUENCYKEY is Foreign Key to Join DimMONTHENDDELINQUENCY TABLE.
FACTACCOUNTSNAPSHOT_FINAL,Open Period Key,OPENPERIODKEY,NUMBER,NO,YES,DIMOPENPERIOD,OPENPERIODKEY,OPENPERIODKEY is Foreign Key to Join DimOpenPeriod TABLE.
FACTACCOUNTSNAPSHOT_FINAL,Original Credit Limit Information Key,ORIGINALCREDITLIMITINFORMATIONKEY,NUMBER,NO,YES,DIMORIGINALCREDITLIMITINFORMATION,ORIGINALCREDITLIMITINFORMATIONKEY,ORIGINALCREDITLIMITINFORMATIONKEY is Foreign Key to Join DIMORIGINALCREDITLIMITINFORMATION TABLE.
FACTACCOUNTSNAPSHOT_FINAL,Charge-Off Key,CHARGEOFFKEY,NUMBER,NO,YES,DIMCHARGEOFF,CHARGEOFFKEY,CHARGEOFFKEY is Foreign Key to Join DimCHARGEOFF TABLE.
FACTACCOUNTSNAPSHOT_FINAL,ADB Weighted Retail APR,ADBWEIGHTEDRETAILAPR,NUMBER,,,,,"Account-weighted average retail (merchant APR, where the retail APR of each account is weighted by the number of months that the account was open or closed and Average Daily Balance with a balance; the average retail APR is calculated as follows: ∑ [(Retail APR for each account * AMGF] / (Average Number of open accounts * Average Daily Balance all accounts"
FACTACCOUNTSNAPSHOT_FINAL,ADB Weighted Risk Score This Cycle,ADBWEIGHTEDRISKSCORETHISCYCLE,NUMBER,,,,,"The account-weighted risk score for the current cycle, calculated using each account's Average Daily Balance (ADB to reflect the overall risk exposure."
FACTACCOUNTSNAPSHOT_FINAL,Average Daily Balance,AVERAGEDAILYBALANCE,NUMBER,,,,,"Average Daily Balance is calculated using the beginning balance and the weighted detailed transaction activity (e.g. purchaes, payments, reverals as follows:
Balance Average Daily +  ∑      (Transaction Amount * ((Cycle End Date - Transaction Post Date+1/Numbers of Days in cycle                                            
                                            All Transactions  
Average Daily Balance is only calculated for months in which the account is open or closed with a balance; otherwise; the ADB equals to zero. "
FACTACCOUNTSNAPSHOT_FINAL,Average Daily Balance Revolving,AVERAGEDAILYBALANCEREVOLVING,NUMBER,,,,,"Average Daily BalanceRevolving is calculated using the beginning balance and the weighted detailed transaction activity (e.g. purchaes, payments, reverals as follows:
Balance Revolving  +  ∑      (Transaction Amount * ((Cycle End Date - Transaction Post Date+1/Numbers of Days in cycle                                            
                                            All Transactions  
Average Daily Balance is only calculated for months in which the account is open or closed with a balance; otherwise; the ADB equals to zero. "
FACTACCOUNTSNAPSHOT_FINAL,Average Daily Balance Transacting,AVERAGEDAILYBALANCETRANSACTING,NUMBER,,,,,"Average Daily BalanceTransacting is calculated using the beginning balance and the weighted detailed transaction activity (e.g. purchaes, payments, reverals as follows:
 BalanceTransacting  +  ∑      (Transaction Amount * ((Cycle End Date - Transaction Post Date+1/Numbers of Days in cycle                                            
                                            All Transactions  
Average Daily BalanceTransacting is only calculated for months in which the account is open or closed with a balance; otherwise; the ADB equals to zero. "
FACTACCOUNTSNAPSHOT_FINAL,Average Daily Balance Valid Risk Score This Cycle,AVERAGEDAILYBALANCEVALIDRISKSCORETHISCYCLE,NUMBER,,,,,"Average Daily BalanceAverageDaily is calculated using the beginning balance and the weighted detailed transaction activity (e.g. purchaes, payments, reverals as follows:
 BalanceAverageDaily  +  ∑      (Transaction Amount * ((Cycle End Date - Transaction Post Date+1/Numbers of Days in cycle                                            
                                            All Transactions  
Average Daily BalanceTransacting is only calculated for Accounts with Valid Risk Score this Cycle ie... 150 to 950."
FACTACCOUNTSNAPSHOT_FINAL,Balance Revolving,BALANCEREVOLVING,NUMBER,,,,,The total dollar amount that an account revolved during the cycle  at each price point on the account level. This amount is capped at the ADB.
FACTACCOUNTSNAPSHOT_FINAL,Beginning Balance,BEGINNINGBALANCE,NUMBER,,,,,"The account balance at the start of a specified period, before any transactions or adjustments are made."
FACTACCOUNTSNAPSHOT_FINAL,Cash Advance Count,CASHADVANCECOUNT,NUMBER,,,,,Count of cash advances at the end of the cycle
FACTACCOUNTSNAPSHOT_FINAL,Cash Advance Reversal Amount,CASHADVANCEREVERSALAMOUNT,NUMBER,,,,,Total cash advance reversals at the end of the cycle.
FACTACCOUNTSNAPSHOT_FINAL,Cash Advance Volume,CASHADVANCEVOLUME,NUMBER,,,,,Total cash advance amount at end of the cycle
FACTACCOUNTSNAPSHOT_FINAL,Credit Limit,CREDITLIMIT,NUMBER,,,,,Total credit limit of open accounts
FACTACCOUNTSNAPSHOT_FINAL,Augment Flag,AUGMENTFLAG,NUMBER,,,,,"A flag indicating whether additional or supplemental data has been applied to a record, typically used to denote enhanced or modified information."
FACTACCOUNTSNAPSHOT_FINAL,Credit Limit Decrease,CREDITLIMITDECREASE,NUMBER,,,,,Count of accounts with credit limit Decrease
FACTACCOUNTSNAPSHOT_FINAL,Credit Limit Increase,CREDITLIMITINCREASE,NUMBER,,,,,Count of accounts with credit limit increase
FACTACCOUNTSNAPSHOT_FINAL,Credit Limit Valid Risk Score This Cycle,CREDITLIMITVALIDRISKSCORETHISCYCLE,NUMBER,,,,,Credit Limit of Accounts which have Valid Risk Score this Cycle.
FACTACCOUNTSNAPSHOT_FINAL,Ending Balance,ENDINGBALANCE,NUMBER,,,,,Total cycle ending balance of open accounts at the end of the cycle
FACTACCOUNTSNAPSHOT_FINAL,Ending Balance 1 CPD Account,ENDINGBALANCE1CPDACCOUNT,NUMBER,,,,,Balance Ending Amount of Accounts with 1 Cycle Past Due.
FACTACCOUNTSNAPSHOT_FINAL,Ending Balance 2 CPD Account,ENDINGBALANCE2CPDACCOUNT,NUMBER,,,,,Balance Ending Amount of Accounts with 2 Cycle Past Due.
FACTACCOUNTSNAPSHOT_FINAL,Ending Balance 3 CPD Account,ENDINGBALANCE3CPDACCOUNT,NUMBER,,,,,Balance Ending Amount of Accounts with 3 Cycle Past Due.
FACTACCOUNTSNAPSHOT_FINAL,Ending Balance 4 CPD Account,ENDINGBALANCE4CPDACCOUNT,NUMBER,,,,,Balance Ending Amount of Accounts with 4 Cycle Past Due.
FACTACCOUNTSNAPSHOT_FINAL,Ending Balance 5 CPD Account,ENDINGBALANCE5CPDACCOUNT,NUMBER,,,,,Balance Ending Amount of Accounts with 5 Cycle Past Due.
FACTACCOUNTSNAPSHOT_FINAL,Ending Balance 6 CPD Account,ENDINGBALANCE6CPDACCOUNT,NUMBER,,,,,Balance Ending Amount of Accounts with 6 Cycle Past Due.
FACTACCOUNTSNAPSHOT_FINAL,Ending Balance 7 CPD ORCO Account,ENDINGBALANCE7CPDORCOACCOUNT,NUMBER,,,,,Balance Ending Amount of Accounts with 7 Cycle Past Due.
FACTACCOUNTSNAPSHOT_FINAL,Ending Balance APR Decrease Flag,ENDINGBALANCEAPRDECREASEFLAG,NUMBER,,,,,Balance Ending of Accounts with a APR Decrease.
FACTACCOUNTSNAPSHOT_FINAL,Ending Balance APR Increase Flag,ENDINGBALANCEAPRINCREASEFLAG,NUMBER,,,,,Balance Ending of Accounts with a APR Increase.
FACTACCOUNTSNAPSHOT_FINAL,Ending Balance CLD,ENDINGBALANCECLD,NUMBER,,,,,Balance Ending of Accounts with Credit Limit Decrease.
FACTACCOUNTSNAPSHOT_FINAL,Ending Balance CLI,ENDINGBALANCECLI,NUMBER,,,,,Balance Ending of Accounts with Credit Limit Increase.
FACTACCOUNTSNAPSHOT_FINAL,Ending Balance Current Account,ENDINGBALANCECURRENTACCOUNT,NUMBER,,,,,Balance Ending of Current Accounts.
FACTACCOUNTSNAPSHOT_FINAL,Ending Balance Delinquent Account,ENDINGBALANCEDELIQUENTACCOUNT,NUMBER,,,,,Balance Ending Amount of Delinquent Accounts.
FACTACCOUNTSNAPSHOT_FINAL,Ending Balance Making Min Pay,ENDINGBALANCEMAKINGMINPAY,NUMBER,,,,,Balance Ending of Accounts making minimum payments.
FACTACCOUNTSNAPSHOT_FINAL,Ending Balance Paid in Full,ENDINGBALANCEPAIDINFULL,NUMBER,,,,,Balance Ending of Accounts with Balance paid in Full.
FACTACCOUNTSNAPSHOT_FINAL,Fee Annual Amount,FEEANNUALAMOUNT,NUMBER,,,,,Total annual fee amount of Open Accounts at the end of the cycle.
FACTACCOUNTSNAPSHOT_FINAL,Fee Annual Waiver Amount,FEEANNUALWAIVERAMOUNT,NUMBER,,,,,"Annual fee waivers are identified based on transaction codes and transaction descriptions provided by each issuer. Although annual fees are amortized over the first twelve months of account life, annual fee waivers are recognized in full during the month in which they are posted. The average annual fee waivers for the quarter is calculated as:"
FACTACCOUNTSNAPSHOT_FINAL,Fee Annual Amortized Amount,FEEANNUALAMORTIZEDAMOUNT,NUMBER,,,,,Total Net Annual Amortized Amount.
FACTACCOUNTSNAPSHOT_FINAL,Fee Non-Annual Net Amount,FEENONANNUALNETAMOUNT,NUMBER,,,,,Total Non Annual Waiver Amount.
FACTACCOUNTSNAPSHOT_FINAL,Fee Non-Annual Waiver Amount,FEENONANNUALWAIVERAMOUNT,NUMBER,,,,,Total Non Annual Waiver Amount.
FACTACCOUNTSNAPSHOT_FINAL,Fee Balance Transfer Amount,FEEBALANCETRANSFERAMOUNT,NUMBER,,,,,"Balance transfer fee is the amount of balance transfer fees assessed per account. For each account, balance transfer fees are identified from the issuer’s transaction data based on transaction codes and textual transaction descriptions. The average amount of balance transfer fees per account is then calculated as follows: ∑ (balance transfer fees per account/(average number of accounts all accounts"
FACTACCOUNTSNAPSHOT_FINAL,Fee Balance Transfer Waiver Amount,FEEBALANCETRANSFERWAIVERAMOUNT,NUMBER,,,,,"Balance transfer waiver amount is the amount of balance transfer waiver amount assessed per account. For each account, balance transfer waiver fees are identified from the issuer’s transaction data based on transaction codes and textual transaction descriptions. The average amount of balance transfer waiver fees per account is then calculated as follows: ∑ (balance transfer waiver fees per account/(average number of open accounts all accounts"
FACTACCOUNTSNAPSHOT_FINAL,Fee Cash Advance Amount,FEECASHADVANCEAMOUNT,NUMBER,,,,,"Cash advance fee is the amount of cash advance fees assessed per account. For each account, cash advance fees are identified from the issuer’s transaction data based on transaction codes and textual transaction descriptions. The average amount of cash advance fees per account is then calculated as follows: ∑ (cash advance fees per account/(average number of open accounts  all accounts       "
FACTACCOUNTSNAPSHOT_FINAL,Fee Cash Advance Waiver Amount,FEECASHADVANCEWAIVERAMOUNT,NUMBER,,,,,"Cash advance waiver fee is the amount of cash advance waiver fees assessed per account. For each account, cash advance waiver fees are identified from the issuer’s transaction data based on transaction codes and textual transaction descriptions. The average amount of cash advance waiver fees per account is then calculated as follows:             ∑ (cash advance waiver fees per account/(average number of open accounts  all accounts       "
FACTACCOUNTSNAPSHOT_FINAL,Fee Late Amount,FEELATEAMOUNT,NUMBER,,,,,"Late fee is the amount of late payment fees assessed per account. For each account, late payment fees are identified from the issuer’s transaction data based on transaction codes and textual transaction descriptions. The average amount of late payment fees per account is then calculated as follows: ∑ (late payment fees per account/(average number of open accounts all accounts        "
FACTACCOUNTSNAPSHOT_FINAL,Fee Late Waiver Amount,FEELATEWAIVERAMOUNT,NUMBER,,,,,"Late waiver fee is the amount of late waiver fees assessed per account. For each account, late waiver fees are identified from the issuer’s transaction data based on transaction codes and textual transaction descriptions. The average amount of late waiver fees per account is then calculated as follows: ∑ (late waiver fees per account/(average number of accounts all accounts        "
FACTACCOUNTSNAPSHOT_FINAL,Fee NSF Amount,FEENSFAMOUNT,NUMBER,,,,,"NSF fee is the amount of NSF fees assessed per account. For each account, NSF fees are identified from the issuer’s transaction data based on transaction codes and textual transaction descriptions. The average amount of NSF fees per account is then calculated as follows: ∑ (NSF fees per account/(average number of accounts all accounts"
FACTACCOUNTSNAPSHOT_FINAL,Fee NSF Waiver Amount,FEENSFWAIVERAMOUNT,NUMBER,,,,,"NSF waiver fee is the amount of NSF waiver fees assessed per account. For each account, NSF waiver fees are identified from the issuer’s transaction data based on transaction codes and textual transaction descriptions. The average amount of NSF waiver fees per account is then calculated as follows: ∑ (NSF waiver fees per account/(average number of accounts all accounts"
FACTACCOUNTSNAPSHOT_FINAL,Fee Other Amount,FEEOTHERAMOUNT,NUMBER,,,,,"Other fees is the other fees (other than annual, late, over limit, cash advance, and balance transfer assessed per account . Other fees are identified from each issuer’s transaction data based on transaction codes and textual transaction descriptions. The average other fees per account for a portfolio is calculated as follows: ∑ (other fees for each account/(average number of open accounts all accounts"
FACTACCOUNTSNAPSHOT_FINAL,Fee Other Waiver Amount,FEEOTHERWAIVERAMOUNT,NUMBER,,,,,Other waiver fees is the other waiver fees assessed per account. Other waiver fees are identified from each issuer’s transaction data based on transaction codes and textual transaction descriptions. The average other waiver fees per account for a portfolio is calculated as follows: ∑ (other waiver fees for each account/(average number of accounts all accounts
FACTACCOUNTSNAPSHOT_FINAL,Fee Over Limit Amount,FEEOVERLIMITAMOUNT,NUMBER,,,,,Over limit fee is the amount of over limit fees assessed per account. Over limit fees are identified from each issuer’s transaction data based on transaction codes and textual transaction descriptions. The average over limit fees per account for a portfolio is calculated as follows: ∑ (over limit fees for each account/(average number of open accounts all accounts
FACTACCOUNTSNAPSHOT_FINAL,Fee Over Limit Waiver Amount,FEEOVERLIMITWAIVERAMOUNT,NUMBER,,,,,Over limit waiver fee is the amount of over limit waiver fees assessed per account during the quarter. Over limit waiver fees are identified from each issuer’s transaction data based on transaction codes and textual transaction descriptions. The average over limit waiver fees per account for a portfolio is calculated as follows: ∑ (over limit waiver fees for each account/(average number of accounts all accounts
FACTACCOUNTSNAPSHOT_FINAL,Fee Total Amount,FEETOTALAMOUNT,NUMBER,,,,,Total fee amount at the end of the cycle.
FACTACCOUNTSNAPSHOT_FINAL,Flag 1 CPD Account,FLAG1CPDACCOUNT,NUMBER,,,,,Accounts Flagged with 1 Cycle past due.
FACTACCOUNTSNAPSHOT_FINAL,Flag 2 CPD Account,FLAG2CPDACCOUNT,NUMBER,,,,,Accounts Flagged with 2 cycles past due .
FACTACCOUNTSNAPSHOT_FINAL,Flag 3 CPD Account,FLAG3CPDACCOUNT,NUMBER,,,,,Accounts Flagged with 3 Cycle past due.
FACTACCOUNTSNAPSHOT_FINAL,Flag 4 CPD Account,FLAG4CPDACCOUNT,NUMBER,,,,,Accounts Flagged with 4 Cycle past due.
FACTACCOUNTSNAPSHOT_FINAL,Flag 5 CPD Account,FLAG5CPDACCOUNT,NUMBER,,,,,Accounts Flagged with 5 Cycle past due.
FACTACCOUNTSNAPSHOT_FINAL,Flag 6 CPD Account,FLAG6CPDACCOUNT,NUMBER,,,,,Accounts Flagged with 6 Cycle past due.
FACTACCOUNTSNAPSHOT_FINAL,Flag 7 CPD ORCO Account,FLAG7CPDORCOACCOUNT,NUMBER,,,,,Accounts Flagged with 7 Cycle past due.
FACTACCOUNTSNAPSHOT_FINAL,Flag Active,FLAGACTIVE,NUMBER,,,,,Flag for accounts which are active this month.
FACTACCOUNTSNAPSHOT_FINAL,Flag APR Decrease,FLAGAPRDECREASE,NUMBER,,,,,Flag for Accounts with APR Decrease
FACTACCOUNTSNAPSHOT_FINAL,Flag APR Increase,FLAGAPRINCREASE,NUMBER,,,,,Flag for Accounts with APR Increase.
FACTACCOUNTSNAPSHOT_FINAL,Flag Balance Active,FLAGBALANCEACTIVE,NUMBER,,,,,Flag for Accounts with Balance
FACTACCOUNTSNAPSHOT_FINAL,Flag Balance Transfer Active,FLAGBALANCETRANSFERACTIVE,NUMBER,,,,,Flag for Accounts which had a balance transfer this month.
FACTACCOUNTSNAPSHOT_FINAL,Flag Beginning Balance More Than Zero,FLAGBEGINNINGBALANCEMORETHANZERO,NUMBER,,,,,Flag for Accounts which had Balance Beginning more than zero this month.
FACTACCOUNTSNAPSHOT_FINAL,Flag Cash Advance Active,FLAGCASHADVANCEACTIVE,NUMBER,,,,,Indicates if an account is cash advance active in the current period
FACTACCOUNTSNAPSHOT_FINAL,Flag Charge-Off Account,FLAGCHARGEOFFACCOUNT,NUMBER,,,,,Flag for Accounts which got Charged off this Month.
FACTACCOUNTSNAPSHOT_FINAL,Flag Charge-Off Current Period Account,FLAGCHARGEOFFCURRENTPERIODACCOUNT,NUMBER,,,,,Flag for Accounts which got Charged off this Month.
FACTACCOUNTSNAPSHOT_FINAL,Flag CLD,FLAGCLD,NUMBER,,,,,Flag for accounts with credit limit decrease
FACTACCOUNTSNAPSHOT_FINAL,Flag CLI,FLAGCLI,NUMBER,,,,,Flag for accounts with credit limit increase
FACTACCOUNTSNAPSHOT_FINAL,Flag Closed Account,FLAGCLOSEDACCOUNT,NUMBER,,,,,Flag for closed accounts.
FACTACCOUNTSNAPSHOT_FINAL,Flag Current Account,FLAGCURRENTACCOUNT,NUMBER,,,,,Flag for current Accounts.
FACTACCOUNTSNAPSHOT_FINAL,Flag Purchase Active,FLAGPURCHASEACTIVE,NUMBER,,,,,"A flag indicating whether the purchase activity is currently active for an account, typically used to denote whether recent transactions are occurring or if the account is actively being used for purchases."
FACTACCOUNTSNAPSHOT_FINAL,Flag Debit Active,FLAGDEBITACTIVE,NUMBER,,,,,Flag for Accounts with Debit Active.
FACTACCOUNTSNAPSHOT_FINAL,Flag Delinquent Account,FLAGDELIQUENTACCOUNT,NUMBER,,,,,Flag for Accounts with Delinquency.
FACTACCOUNTSNAPSHOT_FINAL,Flag Fee Annual,FLAGFEEANNUAL,NUMBER,,,,,Flag for Accounts with Annual Fee.
FACTACCOUNTSNAPSHOT_FINAL,Flag Fee Balance Transfer,FLAGFEEBALANCETRANSFER,NUMBER,,,,,Flag for Accounts with Balance Fee Transfer.
FACTACCOUNTSNAPSHOT_FINAL,Flag Fee Cash Advance,FLAGFEECASHADVANCE,NUMBER,,,,,"An indicator showing a charge imposed by a credit card company when a card holder takes out a loan of liquid funds againsts their credit limit. Cash advance fee is the amount of cash advance fees assessed per account. For each account, cash advance fees are identified from the issuer’s transaction data based on transaction codes and textual transaction descriptions. The average amount of cash advance fees per account is then calculated as follows: ∑ (cash advance fees per account/(average number of accounts all accounts"
FACTACCOUNTSNAPSHOT_FINAL,Flag Fee Late,FLAGFEELATE,NUMBER,,,,,Flag for Accounts with Late Fee.
FACTACCOUNTSNAPSHOT_FINAL,Flag Fee NSF,FLAGFEENSF,NUMBER,,,,,Flag for Accounts with NSF Fee
FACTACCOUNTSNAPSHOT_FINAL,Flag Fee Over Limit,FLAGFEEOVERLIMIT,NUMBER,,,,,Flag for Accounts with Fee Over Limit.
FACTACCOUNTSNAPSHOT_FINAL,Flag Making Min Pay,FLAGMAKINGMINPAY,NUMBER,,,,,Flag for Accounts making minimum payment .
FACTACCOUNTSNAPSHOT_FINAL,Flag Minimum Payment Due,FLAGMINIMUMPAYMENTDUE,NUMBER,,,,,Flag for Accounts with Minimum Payment Due.
FACTACCOUNTSNAPSHOT_FINAL,Flag OCL,FLAGOCL,NUMBER,,,,,Flag For Accounts that have surpassed their credit limit with a transaction.
FACTACCOUNTSNAPSHOT_FINAL,Flag Payment Active,FLAGPAYMENTACTIVE,NUMBER,,,,,Flag for Accounts with Payment Active this month.
FACTACCOUNTSNAPSHOT_FINAL,Flag Previous Minimum Payment Due,FLAGPREVIOUSMINIMUMPAYMENTDUE,NUMBER,,,,,Flag for Accounts with previous Minimum Payment Due.
FACTACCOUNTSNAPSHOT_FINAL,Flag Revolving,FLAGREVOLVING,NUMBER,,,,,Flag for Accounts with Balance Revolving.
FACTACCOUNTSNAPSHOT_FINAL,Flag Transacting,FLAGTRANSACTING,NUMBER,,,,,Flag For Accounts with a transaction Amount.
FACTACCOUNTSNAPSHOT_FINAL,Flag Valid Credit Limit,FLAGVALIDCREDITLIMIT,NUMBER,,,,,Flag for Accounts with a valid Credit limit Amount.
FACTACCOUNTSNAPSHOT_FINAL,Flag Valid Risk Score This Cycle,FLAGVALIDRISKSCORETHISCYCLE,NUMBER,,,,,Flag for Accounts with Valid Risk Score this cycle.
FACTACCOUNTSNAPSHOT_FINAL,Flag Valid Origination Risk Score,FLAGVALIDORIGINATIONRISKSCORE,NUMBER,,,,,Flag for Accounts with Valid Origination Risk Score.
FACTACCOUNTSNAPSHOT_FINAL,Line Weighted Risk Score This Cycle,LINEWEIGHTEDRISKSCORETHISCYCLE,NUMBER,,,,,Credit Line Weighted Current Risk Score of open accounts
FACTACCOUNTSNAPSHOT_FINAL,Months on Books,MONTHSONBOOKS,NUMBER,,,,,Sum to Total Months on Books of Open Accounts at the end of the cycle
FACTACCOUNTSNAPSHOT_FINAL,Origination Risk Score,ORIGINATIONRISKSCORE,NUMBER,,,,,Risk Score at the origination of Account.
FACTACCOUNTSNAPSHOT_FINAL,Payment Minimum Due Amount,PAYMENTMINIMUMDUEAMOUNT,NUMBER,,,,,Minimum Payment Due Amount at the end of the month.
FACTACCOUNTSNAPSHOT_FINAL,Payment Net Amount,PAYMENTNETAMOUNT,NUMBER,,,,,Total net payment amount at the end of the cycle
FACTACCOUNTSNAPSHOT_FINAL,Promo Amount,PROMOAMOUNT,NUMBER,,,,,Balance transfer Amount Volume.
FACTACCOUNTSNAPSHOT_FINAL,Promo Count,PROMOCOUNT,NUMBER,,,,,Count of Accounts with Balance Transfer.
FACTACCOUNTSNAPSHOT_FINAL,Promo Reversal Amount,PROMOREVERSALAMOUNT,NUMBER,,,,,Total Amount of Balance Transfer Reversal Amount.
FACTACCOUNTSNAPSHOT_FINAL,Purchase Amount,PURCHASEAMOUNT,NUMBER,,,,,Total Purchase Amount.
FACTACCOUNTSNAPSHOT_FINAL,Purchase Count,PURCHASECOUNT,NUMBER,,,,,Total Count of Accounts with Purchase Amount.
FACTACCOUNTSNAPSHOT_FINAL,Purchase Reversal Amount,PURCHASEREVERSALAMOUNT,NUMBER,,,,,Total Amount of Purchase Reversal Amount.
FACTACCOUNTSNAPSHOT_FINAL,Retail APR,RETAILAPR,NUMBER,,,,,"Account-weighted average retail (merchant APR, where the retail APR of each account is weighted by the number of months that the account was open or closed with a balance; the average retail APR is calculated as follows: ∑ [(Retail APR for each account * AMGF] / (Average Number of open accounts all accounts"
FACTACCOUNTSNAPSHOT_FINAL,Cash APR,CASHAPR,NUMBER,,,,,"Account-weighted average cash APR, where the cash APR of each account is weighted by the number of months that the account was open or closed with a balance; the average cash APR is calculated as follows: ∑ [(Cash APR for each account * AMGF] / (Average Number of open accounts all accounts"
FACTACCOUNTSNAPSHOT_FINAL,Risk Score This Cycle,RISKSCORETHISCYCLE,NUMBER,,,,,Credit Risk Scores of Account in this cycle.
FACTACCOUNTSNAPSHOT_FINAL,Retail APR Decrease,RETAILAPRDECREASE,NUMBER,,,,,Amount of Retail APR Decrease
FACTACCOUNTSNAPSHOT_FINAL,Retail APR Increase,RETAILAPRINCREASE,NUMBER,,,,,Amount of Retail APR Increase.
FACTACCOUNTSNAPSHOT_FINAL,Allocated Equity,ALLOCATEDEQUITY,NUMBER,,,,,Allocated Euity is calculated as: [[(Average Daily Balance * (Equity Allocation Rate] + [(Credit Line - Average daily balance*(Loan equivalent factor*(Equity allocation rate]]/12
FACTACCOUNTSNAPSHOT_FINAL,Capital Charge,CAPITALCHARGE,NUMBER,,,,,"Capital charge is the dollar amount of return demanded by shareholders in exchange for allocated equity. Allocated Euity is calculated as: [[(Average Daily Balance * (Equity Allocation Rate] + [(Credit Line - Average daily balance*(Loan equivalent factor*(Equity allocation rate]]/12 where the equity allocation factor and loan equivalent factor are parameters supplied by issuer. Once the allocated equity has been calculated for each month, the monthly capital charges are calculated as follows: (Allocated Equity * (Hurdle Rate where the hurdle rate is supplied by  issuer."
FACTACCOUNTSNAPSHOT_FINAL,Charge-Off Total,CHARGEOFFTOTAL,NUMBER,,,,,Total Charge Off of open accounts at the end of the cycle
FACTACCOUNTSNAPSHOT_FINAL,Contra Expense Recoveries,CONTRAEXPENSERECOVERIES,NUMBER,,,,,Total Contra Expense Recoveries of Open Accounts at the end of the cycle
FACTACCOUNTSNAPSHOT_FINAL,Contra Revenue Partnership,CONTRAREVENUEPARTNERSHIP,NUMBER,,,,,Total contra revenue partnership of Open Accounts at the end of the cycle
FACTACCOUNTSNAPSHOT_FINAL,Contra Revenue Rewards,CONTRAREVENUEREWARDS,NUMBER,,,,,Total contra revenue rewards of Open Accounts at the end of the cycle
FACTACCOUNTSNAPSHOT_FINAL,Cost of Funds,COSTOFFUNDS,NUMBER,,,,,"The cost of funding a credit card asset, calculated by multiplying the average daily balance for the cycle by the appropriate cost of funds rate. For each month, the cost of funds expense for an account is: (AverageDaily Balance * (Cost of Funds Rate"
FACTACCOUNTSNAPSHOT_FINAL,Credit Cost,CREDITCOST,NUMBER,,,,,Credit costs are the expense of maintaining funding sources for the unused credit line of each account. Credit costs are based on two profit parameter values: the loan equivalence factor and the line of credit rate. There are two steps in calculating credit costs: 1. The unused line of each account is multiplied by a “loan equivalence factor”  - this factor represents the probability of the customer drawing down the unused line. The resulting dollar value is referred to as the “loan equivalent” of the unused line. 2. The unused line’s loan equivalent is multiplied by a line of credit rate
FACTACCOUNTSNAPSHOT_FINAL,Equity Credit,EQUITYCREDIT,NUMBER,,,,,Equity credit for each account is calculated by multiplying the equity credit rate by the equity allocated to the account. Equity is allocated to each account based on the account’s average daily balance and equity allocation factor. The equity can be used to partially fund the balance of each account – this equity credit can therefore be thought of as an offset to the cost of funds. The dollar amount of equity credit assigned to each account is calculated for each month of the quarter as follows: Equity Credit ($ = [(Average daily balance * (Equity Allocation Factor * (Equity Credit Rate]/12 where the value for the equity credit rate is supplied by issuer.
FACTACCOUNTSNAPSHOT_FINAL,Expense Collections,EXPENSECOLLECTIONS,NUMBER,,,,,Total collections expenses of Open Accounts at the end of the cycle
FACTACCOUNTSNAPSHOT_FINAL,Expense Customer Service,EXPENSECUSTOMERSERVICE,NUMBER,,,,,Total customer service expenses of Open Accounts at the end of the cycle
FACTACCOUNTSNAPSHOT_FINAL,Expense Fraud,EXPENSEFRAUD,NUMBER,,,,,Total fraud expenses of Open Accounts at the end of the cycle
FACTACCOUNTSNAPSHOT_FINAL,Expense Marketing,EXPENSEMARKETING,NUMBER,,,,,Total marketing expenses of Open Accounts at the end of the cycle
FACTACCOUNTSNAPSHOT_FINAL,Expense Operating,EXPENSEOPERATING,NUMBER,,,,,Total operating expenses of Open Accounts at the end of the cycle
FACTACCOUNTSNAPSHOT_FINAL,Expense Origination Amortized,EXPENSEORIGINATIONAMORTIZED,NUMBER,,,,,Total origination amortized expenses of Open Accounts at the end of the cycle. It is the sum of total amortized origination expense for all accounts divided by the average number of accounts.  ∑ [(unit origination cost for each account/12*(number of months the account id open and less than 12 months old] / (average number of open accounts  all accounts                       
FACTACCOUNTSNAPSHOT_FINAL,Expense Other,EXPENSEOTHER,NUMBER,,,,,Total other expenses of Open Accounts at the end of the cycle
FACTACCOUNTSNAPSHOT_FINAL,Expense Overhead,EXPENSEOVERHEAD,NUMBER,,,,,Total overhead expenses of Open Accounts at the end of the cycle
FACTACCOUNTSNAPSHOT_FINAL,Expense Systems,EXPENSESYSTEMS,NUMBER,,,,,Total system expenses of Open Accounts at the end of the cycle
FACTACCOUNTSNAPSHOT_FINAL,Expense Total,EXPENSETOTAL,NUMBER,,,,,"Average total expenses – sum of cost of funds, credit costs, product costs, amortized origination expense, customer service, collection costs, loan loss provision, and other expenses. The average total expenses per account is calculated as follows:  ∑  (quarterly total expenses for each account / (Average number of open accounts  all accounts                         "
FACTACCOUNTSNAPSHOT_FINAL,Interchange,INTERCHANGE,NUMBER,,,,,"Total Interchange of open accounts at the end of the cycle. For each account, net interchange income is calculated by multiplying every merchant purchase, return, and adjustment that posted during the cycle by the appropriate interchange rate. Purchases, returns, and adjustments are identified from the issuer’s transaction data based on transaction codes and textual transaction descriptions; interchange rate values are provided by  issuer."
FACTACCOUNTSNAPSHOT_FINAL,Interest,INTEREST,NUMBER,,,,,"Total Interest of Open Accounts at the end of the cycle. Net finance charges assessed during the cycle for each account based on each account’s transaction data, including finance charges from purchases, cash advances, and balance transfers. Finance charges are identified from the issuer’s transaction data based on transaction codes and textual transaction descriptions."
FACTACCOUNTSNAPSHOT_FINAL,Revenue Net Complementary Product Insurance,REVENUENETCOMPLEMENTARYPRODUCTINSURANCE,NUMBER,,,,,Total Net Revenue from Complimentary Insurance Products.
FACTACCOUNTSNAPSHOT_FINAL,Revenue Net Complementary Product Other,REVENUENETCOMPLEMENTARYPRODUCTOTHER,NUMBER,,,,,Total Net Revenue from Complimentary other Products.
FACTACCOUNTSNAPSHOT_FINAL,LLP Amount,LLPAMOUNT,NUMBER,,,,,Loan Loss Provision Amount.
FACTACCOUNTSNAPSHOT_FINAL,Tax,TAX,NUMBER,,,,,Total Tax Amount.
FACTACCOUNTSNAPSHOT_FINAL,Net Income Amount,NETINCOMEAMOUNT,NUMBER,,,,,"Pretax income less taxes; average net income per account for the quarter. For each account, net income is determined monthly; the quarterly net income is the sum of net income for each of the three months of the quarter. The average net income per account is calculated as follows:  ∑  net income for each account / (average number of open accounts  all accounts         "
FACTACCOUNTSNAPSHOT_FINAL,NIACC Amount,NIACCAMOUNT,NUMBER,,,,,"Net income after capital charge (NIACC is a risk- and capital-adjusted measurement of profitability. A positive value indicates that the account is generating shareholder value, while a negative value indicates that the account is destroying shareholder value. NIACC is calculated monthly for each account: Monthly NIACC = (Monthly Net Income - (Monthly Capital Charge"
FACTACCOUNTSNAPSHOT_FINAL,Revenue Other,REVENUEOTHER,NUMBER,,,,,"Other Revenue includes complementary product revenue and other revenue attributable to the credit card business excluding interest, interchange, and fee revenue. For most issuers, complementary product revenue is identified from transaction data, while other revenue items are based on the profit parameters supplied by each issuer. The average other revenue per account for a portfolio is calculated as follows:  ∑ (quarterly other revenue for each account / (average number of open accounts  all accounts"
FACTACCOUNTSNAPSHOT_FINAL,Revenue Total,REVENUETOTAL,NUMBER,,,,,"Total Revenue of Open Accounts at the end of the cycle. It is the sum of interest, interchange, annual fee, other fee, fee waivers, equity credit, and other revenue. The average total revenue per account is calculated as follows:  ∑  (quarterly total revenue for each account / (Average number of open accounts  all accounts                                                                                                                                                                                                                                                                                                                "
FACTACCOUNTSNAPSHOT_FINAL,Flag Open,FLAGOPEN,NUMBER,,,,,Accounts with Flag Open.
FACTACCOUNTSNAPSHOT_FINAL,Month Ending Balance,MONTHENDINGBALANCE,NUMBER,,,,,Total Balance Month end.
FACTACCOUNTSNAPSHOT_FINAL,Total Number of Auth Users,TOTALNUMBEROFAUTHUSERS,NUMBER,,,,,Total Number of Authorized users.
FACTACCOUNTSNAPSHOT_FINAL,Total Number of Cards Issued,TOTALNUMBEROFCARDSISSUED,NUMBER,,,,,Total Number of cards issued this month.
FACTACCOUNTSNAPSHOT_FINAL,Profit Segment Key,PROFITSEGMENTKEY,NUMBER,,,,,"A unique identifier used to classify or track different profit segments within a dataset, enabling detailed analysis and reporting of profitability across various segments."
FACTACCOUNTSNAPSHOT_FINAL,Role of Card Segment Key,ROLEOFCARDSEGMENTKEY,NUMBER,,,,,Role of Card Segment is a scheme that categorizes customers into one of eleven segments based on purchase volume patterns; the segmentation is based on a cluster analysis that groups customers with similar purchase behavior across MCC SIC categories. The segmentation is useful for profiling customers based on the different roles that consumers assign to the credit cards in their wallets. Role of card segments include majority MCC related categories: 1.Traditional Retail 2.Gas 3.Mail Order 4.Quasi Cash 5.Specialty Retail 6.Services 7.Everything 8.Groceries 9.Restaurant 10.Travel & Entertainment 11.Non-transactor
FACTACCOUNTSNAPSHOT_FINAL,Wallet Key,WALLETKEY,NUMBER,,,,,"A unique identifier used to reference specific digital or physical wallets, facilitating the management and tracking of wallet-related transactions and information."
FACTACCOUNTSNAPSHOT_FINAL,Activation Flag at Open Month Key,ACTIVATIONFLAGATOPENMONTHKEY,NUMBER,,,,,Activation Flag at Open Month.
FACTACCOUNTSNAPSHOT_FINAL,Joint Account Flag Key,JOINTACCOUNTFLAGKEY,NUMBER,,,,,Indicates Accounts is solely held by customer or with additional Joint Customers. Jointly Held Solo Missing/Unknown
FACTACCOUNTSNAPSHOT_FINAL,BT Flag,BTFLAG,NUMBER,,,,,Balance Transfer Flag.
FACTACCOUNTSNAPSHOT_FINAL,Expense Origination Amortized,CYC_ACC_EXPENSEORIGINATIONAMORTIZED,NUMBER,,,,,Amortized expense for origination during the cycle.
FACTACCOUNTSNAPSHOT_FINAL,Fee Convenience Check Amount,CYC_ACC_FEECONVENIENCECHECKAMOUNT,NUMBER,,,,,Amount of fees for convenience checks.
FACTACCOUNTSNAPSHOT_FINAL,Fee Convenience Check Count,CYC_ACC_FEECONVENIENCECHECKCOUNT,NUMBER,,,,,Count of convenience check fees.
FACTACCOUNTSNAPSHOT_FINAL,Fee Convenience Check Waiver Amount,CYC_ACC_FEECONVENIENCECHECKWAIVERAMOUNT,NUMBER,,,,,Waived amount of fees for convenience checks.
FACTACCOUNTSNAPSHOT_FINAL,Fee Foreign Currency Waiver Amount,CYC_ACC_FEEFOREIGNCURRENCYWAIVERAMOUNT,NUMBER,,,,,Waived foreign currency fee amount.
FACTACCOUNTSNAPSHOT_FINAL,Fee Over Limit Count,CYC_ACC_FEEOVERLIMITCOUNT,NUMBER,,,,,Count of over-limit fees assessed.
FACTACCOUNTSNAPSHOT_FINAL,Fee Promo Waiver Amount,CYC_ACC_FEEPROMOWAIVERAMOUNT,NUMBER,,,,,Waived promotional fee amount.
FACTACCOUNTSNAPSHOT_FINAL,Cash Advance ATM Count,CYC_XXX_CASHADVANCEATMCOUNT,NUMBER,,,,,Waived promotional fee amount.
FACTACCOUNTSNAPSHOT_FINAL,Cash Advance ATM Reversal Amount,CYC_XXX_CASHADVANCEATMREVERSALAMOUNT,NUMBER,,,,,Amount of reversals for cash advances made through ATMs.
FACTACCOUNTSNAPSHOT_FINAL,Cash Advance ODP Amount,CYC_XXX_CASHADVANCEODPAMOUNT,NUMBER,,,,,Amount of cash advances made with overdraft protection.
FACTACCOUNTSNAPSHOT_FINAL,Cash Advance ODP Count,CYC_XXX_CASHADVANCEODPCOUNT,NUMBER,,,,,Number of cash advances made with overdraft protection.
FACTACCOUNTSNAPSHOT_FINAL,Cash Advance ODP Reversal Amount,CYC_XXX_CASHADVANCEODPREVERSALAMOUNT,NUMBER,,,,,Amount of reversals for cash advances with overdraft protection.
FACTACCOUNTSNAPSHOT_FINAL,Cash Advance OTC Amount,CYC_XXX_CASHADVANCEOTCAMOUNT,NUMBER,,,,,Amount of cash advances made via over-the-counter transactions.
FACTACCOUNTSNAPSHOT_FINAL,Cash Advance OTC Count,CYC_XXX_CASHADVANCEOTCCOUNT,NUMBER,,,,,Number of over-the-counter cash advances.
FACTACCOUNTSNAPSHOT_FINAL,Gas Count,CYC_XXX_GASCOUNT,NUMBER,,,,,Number of gas-related transactions.
FACTACCOUNTSNAPSHOT_FINAL,Grocery Count,CYC_XXX_GROCERYCOUNT,NUMBER,,,,,Number of grocery-related transactions.
FACTACCOUNTSNAPSHOT_FINAL,Interchange,CYC_XXX_INTERCHANGE,NUMBER,,,,,Interchange fees collected or paid.
FACTACCOUNTSNAPSHOT_FINAL,LLP Rate,CYC_XXX_LLPRATE,NUMBER,,,,,Loan Loss Provision (LLP rate applied to the account.
FACTACCOUNTSNAPSHOT_FINAL,Mail Order Amount,CYC_XXX_MAILORDERAMOUNT,NUMBER,,,,,Amount of mail order transactions.
FACTACCOUNTSNAPSHOT_FINAL,Interest Adjusted,CYC_ACC_INTERESTADJUSTED,NUMBER,,,,,Adjusted interest amount for the cycle.
FACTACCOUNTSNAPSHOT_FINAL,Interest Cash,CYC_ACC_INTERESTCASH,NUMBER,,,,,Cash interest amount assessed during the cycle.
FACTACCOUNTSNAPSHOT_FINAL,Interest Merchant,CYC_ACC_INTERESTMERCHANT,NUMBER,,,,,Interest amount charged to merchants
FACTACCOUNTSNAPSHOT_FINAL,Interest Promo,CYC_ACC_INTERESTPROMO,NUMBER,,,,,Promotional interest amount assessed.
FACTACCOUNTSNAPSHOT_FINAL,NIACC Less Origination Amount,CYC_ACC_NIACCLESSORIGINATIONAMOUNT,NUMBER,,,,,Net income amount after accounting charges and origination fees.
FACTACCOUNTSNAPSHOT_FINAL,Revenue Net Complementary Product Insurance,CYC_ACC_REVENUENETCOMPLEMENTARYPRODUCTINSURANCE,NUMBER,,,,,Net revenue from complementary product insurance.
FACTACCOUNTSNAPSHOT_FINAL,Revenue Net Complementary Product Other,CYC_ACC_REVENUENETCOMPLEMENTARYPRODUCTOTHER,NUMBER,,,,,Net revenue from other complementary products.
FACTACCOUNTSNAPSHOT_FINAL,APR Merchant,CYC_XXX_APRMERCHANT,NUMBER,,,,,"Annual Percentage Rate (APR for merchant transactions, expressed as a decimal"
FACTACCOUNTSNAPSHOT_FINAL,APR Merchant Delta,CYC_XXX_APRMERCHANTDELTA,NUMBER,,,,,"Change in Annual Percentage Rate (APR for merchant transactions, expressed as a decimal."
FACTACCOUNTSNAPSHOT_FINAL,Cash Advance ATM Amount,CYC_XXX_CASHADVANCEATMAMOUNT,NUMBER,,,,,Amount of cash advances made through ATMs.
FACTACCOUNTSNAPSHOT_FINAL,Cash Advance OTC Reversal Amount,CYC_XXX_CASHADVANCEOTCREVERSALAMOUNT,NUMBER,,,,,Amount of reversals for over-the-counter cash advances.
FACTACCOUNTSNAPSHOT_FINAL,Cash Advance Reversal Amount,CYC_XXX_CASHADVANCEREVERSALAMOUNT,NUMBER,,,,,Total amount of reversals for cash advances.
FACTACCOUNTSNAPSHOT_FINAL,Contra Revenue Complementary Product Insurance,CYC_XXX_CONTRAREVENUECOMPLEMENTARYPRODUCTINSURANCE,NUMBER,,,,,Contra revenue amount for complementary product insurance.
FACTACCOUNTSNAPSHOT_FINAL,Contra Revenue Complementary Product Other,CYC_XXX_CONTRAREVENUECOMPLEMENTARYPRODUCTOTHER,NUMBER,,,,,Contra revenue amount for other complementary products.
FACTACCOUNTSNAPSHOT_FINAL,Convenience Check Amount,CYC_XXX_CONVENIENCECHECKAMOUNT,NUMBER,,,,,Amount of fees related to convenience checks.
FACTACCOUNTSNAPSHOT_FINAL,Convenience Check Count,CYC_XXX_CONVENIENCECHECKCOUNT,NUMBER,,,,,Number of convenience check fees assessed.
FACTACCOUNTSNAPSHOT_FINAL,Convenience Check Reversal Amount,CYC_XXX_CONVENIENCECHECKREVERSALAMOUNT,NUMBER,,,,,Amount of reversals for convenience check fees.
FACTACCOUNTSNAPSHOT_FINAL,Credit Limit Total Delta,CYC_XXX_CREDITLIMITTOTALDELTA,NUMBER,,,,,Change in total credit limit during the cycle.
FACTACCOUNTSNAPSHOT_FINAL,Purchase Adjustment Amount,CYC_XXX_PURCHASEADJUSTMENTAMOUNT,NUMBER,,,,,Amount of purchase adjustments made during the cycle.
FACTACCOUNTSNAPSHOT_FINAL,Purchase Amount,CYC_XXX_PURCHASEAMOUNT,NUMBER,,,,,Total purchase amount for the account.
FACTACCOUNTSNAPSHOT_FINAL,Quasi Cash Amount,CYC_XXX_QUASICASHAMOUNT,NUMBER,,,,,Amount of quasi-cash transactions.
FACTACCOUNTSNAPSHOT_FINAL,Restaurant Amount,CYC_XXX_RESTAURANTAMOUNT,NUMBER,,,,,Amount of restaurant-related transactions.
FACTACCOUNTSNAPSHOT_FINAL,Revenue Other,CYC_XXX_REVENUEOTHER,NUMBER,,,,,Other revenue generated during the cycle.
FACTACCOUNTSNAPSHOT_FINAL,Services Amount,CYC_XXX_SERVICESAMOUNT,NUMBER,,,,,Amount of service-related transactions.
FACTACCOUNTSNAPSHOT_FINAL,Specialty Retail Amount,CYC_XXX_SPECIALTYRETAILAMOUNT,NUMBER,,,,,Amount of specialty retail transactions.
FACTACCOUNTSNAPSHOT_FINAL,Traditional Retail Amount,CYC_XXX_TRADITIONALRETAILAMOUNT,NUMBER,,,,,Amount of traditional retail transactions.
FACTACCOUNTSNAPSHOT_FINAL,Travel Entertainment Amount,CYC_XXX_TRAVELENTERTAINMENTAMOUNT,NUMBER,,,,,Amount of travel and entertainment-related transactions.
FACTACCOUNTSNAPSHOT_FINAL,Apple Pay,APPLEPAY,NUMBER,,,,,APPLEPAY
FACTACCOUNTSNAPSHOT_FINAL,Chip Card Pay,CHIPCARDPAY,NUMBER,,,,,"A flag or indicator representing payments made using a chip-enabled card, commonly used to track transactions processed via EMV chip technology."
FACTACCOUNTSNAPSHOT_FINAL,Other Mobile Devices Pay,OTHERMOBILEDEVICESPAY,NUMBER,,,,,"A flag or indicator representing payments made using non-traditional mobile devices, such as smartwatches or other connected devices, aside from smartphones."
FACTACCOUNTSNAPSHOT_FINAL,Mobile Activated Flag,MOBILEACTIVATEDFLAG,NUMBER,,,,,A flag (TEXT datatype that indicates an accounts has ever been linked to a mobile wallet It is to flag on the transaction table indicating which transactions were conducted through a mobile wallet.
FACTACCOUNTSNAPSHOT_FINAL,Non-Mobile Activated Flag,NONMOBILEACTIVATEDFLAG,NUMBER,,,,,A flag (TEXT datatype that indicates an accounts has ever not been linked to a mobile wallet It is to flag on the transaction table indicating which transactions were not conducted through a mobile wallet.
FACTACCOUNTSNAPSHOT_FINAL,Unassigned Payments,UNASSIGNED_PAYMENTS,NUMBER,,,,,"Payments that have been received but not yet allocated to a specific account, transaction, or category, awaiting further assignment or classification."
FACTACCOUNTSNAPSHOT_FINAL,Apple Purchase Volume,APPLEPURCHASEVOLUME,NUMBER,,,,,The total dollar amount of mobile wallet purchases for an account within that reporting period but specifically through Apple mobile wallet
FACTACCOUNTSNAPSHOT_FINAL,Apple Purchase Reversal Volume,APPLEPURCHASEREVERSALVOLUME,NUMBER,,,,,The total dollar amount of mobile wallet purchases for an account within that reporting period  if any reversal of payment took place but specifically through Apple mobile wallet
FACTACCOUNTSNAPSHOT_FINAL,Mobile Purchase Volume,MOBILEPURCHASEVOLUME,NUMBER,,,,,"The total dollar amount of mobile wallet purchases for an account within that reporting period  through mobile wallet - Apple, Samsung or Google"
FACTACCOUNTSNAPSHOT_FINAL,Mobile Purchase Reversal Volume,MOBILEPURCHASEREVERSALVOLUME,NUMBER,,,,,"The total dollar amount of mobile wallet purchases for an account within that reporting period  if any reversal of payment took place through mobile wallet - Apple, Samsung or Google"
FACTACCOUNTSNAPSHOT_FINAL,Non-Mobile Purchase Volume,NONMOBILEPURCHASEVOLUME,NUMBER,,,,,"The total dollar amount of mobile wallet purchases for an account within that reporting period not transacted through mobile wallet - Apple, Samsung or Google"
FACTACCOUNTSNAPSHOT_FINAL,Non-Mobile Purchase Reversal Volume,NONMOBILEPURCHASEREVERSALVOLUME,NUMBER,,,,,"The total dollar amount of mobile wallet purchases for an account within that reporting period not transacted through mobile wallet - Apple, Samsung or Google but if any reversal of payment has taken place "
FACTACCOUNTSNAPSHOT_FINAL,Other Mobile Purchase Volume,OTHERMOBILEPURCHASEVOLUME,NUMBER,,,,,"The total dollar amount of mobile wallet purchases for an account within that reporting period  not transacted through mobile wallet - Apple, Samsung or Google but other mobile wallets purchases came in the transaction file as Unknown paymnet description"
FACTACCOUNTSNAPSHOT_FINAL,Other Mobile Purchase Reversal Volume,OTHERMOBILEPURCHASEREVERSALVOLUME,NUMBER,,,,,"The total dollar amount of mobile wallet purchases for an account within that reporting period  not transacted through mobile wallet - Apple, Samsung or Google but other mobile wallets purchases came in the transaction file as Unknown paymnet description and if any reversal of payment has taken place "
FACTACCOUNTSNAPSHOT_FINAL,Samsung Pay,SAMSUNGPAY,NUMBER,,,,,"A flag or indicator representing payments made using Samsung Pay, tracking transactions processed via this mobile payment platform."
FACTACCOUNTSNAPSHOT_FINAL,Samsung Purchase Volume,SAMSUNGPURCHASEVOLUME,NUMBER,,,,,The total dollar amount of mobile wallet purchases for an account within that reporting period but specifically through Samsung mobile wallet
FACTACCOUNTSNAPSHOT_FINAL,Samsung Purchase Reversal Volume,SAMSUNGPURCHASEREVERSALVOLUME,NUMBER,,,,,The total dollar amount of mobile wallet purchases for an account within that reporting period  if any reversal of payment took place but specifically through Samsung mobile wallet
FACTACCOUNTSNAPSHOT_FINAL,Google Pay,GOOGLEPAY,NUMBER,,,,,"A flag or indicator representing payments made using Google Pay, tracking transactions processed through this mobile payment service."
FACTACCOUNTSNAPSHOT_FINAL,Google Purchase Volume,GOOGLEPURCHASEVOLUME,NUMBER,,,,,The total dollar amount of mobile wallet purchases for an account within that reporting period but specifically through Google Purchases mobile wallet
FACTACCOUNTSNAPSHOT_FINAL,Google Purchase Reversal Volume,GOOGLEPURCHASEREVERSALVOLUME,NUMBER,,,,,The total dollar amount of mobile wallet purchases for an account within that reporting period  if any reversal of payment took place but specifically through Google mobile wallet
FACTACCOUNTSNAPSHOT_FINAL,CHD Miscellaneous Field 6,CHD_MISCELLANEOUS_FIELD_6,TEXT,,,,,Bureau score field as per Penfed 's logic (this field is specifically used to store by banks own data field
FACTACCOUNTSNAPSHOT_FINAL,Paymatix Status,PAYMATIX_STATUS,TEXT,,,,,Account Status provided by PenFed Charge-off                                                                                   Closed with Zero balance                                                         Open
FACTACCOUNTSNAPSHOT_FINAL,UPC8 Product Key,UPC8PRODUCTKEY,NUMBER,,,,,"A unique identifier that represents an 8-digit Universal Product Code (UPC, used to track and manage specific products within a dataset or inventory system."
FACTACCOUNTSNAPSHOT_FINAL,UPC9 Affinity Key,UPC9AFFINITYKEY,NUMBER,,,,,"A unique identifier that represents a 9-digit Universal Product Code (UPC associated with affinity or loyalty programs, used to track and manage product-specific affinities within a dataset."
FACTACCOUNTSNAPSHOT_FINAL,CHD Misc 13,CHD_MISC_13,TEXT,,,,,"A miscellaneous or custom data field used to store additional information or details that do not fit into predefined categories, specifically labeled as the 13th miscellaneous data point in the dataset."
FACTACCOUNTSNAPSHOT_FINAL,LST MNT External Status,LST_MNT_EXTERNAL_STATUS,NUMBER,,,,,"A field that tracks the most recent update or modification to the external status of an account or record, reflecting the latest status as recorded by an external system or process."
FACTACCOUNTSNAPSHOT_FINAL,Voluntary Attrition,VOLUNTARY_ATTRITION,NUMBER,,,,,"The rate or number of accounts closed by customers voluntarily, often used to track customer churn and retention trends."
FACTACCOUNTSNAPSHOT_FINAL,Involuntary Attrition,INVOLUNTARY_ATTRITION,NUMBER,,,,,"The rate or number of accounts closed by the issuer or financial institution, typically due to non-payment, fraud, or other policy violations."
FACTACCOUNTSNAPSHOT_FINAL,Previous Period Open,PREVIOUSPERIODOPEN,NUMBER,,,,,"The status or count of accounts that remained open during the previous reporting period, used to track account activity over time."
FACTACCOUNTSNAPSHOT_FINAL,Origination Channel Key,ORIGINATIONCHANNELKEY,NUMBER,,,,,"A unique identifier used to reference the specific channel through which an account or transaction was originated, such as online, in-branch, or via a partner."
FACTACCOUNTSNAPSHOT_FINAL,New Fraud Score,newfraudscore,NUMERIC,,,,,"Fraud score for the account, indicating the level of fraud risk based on recent activities, used for real-time fraud detection and prevention strategies."
FACTACCOUNTSNAPSHOT_FINAL,Age,age,NUMERIC,,,,,"Age of the customer or account in years, providing demographic insight for targeted marketing and risk profiling."
FACTACCOUNTSNAPSHOT_FINAL,Charge-Off Balance,chargeoffbalance,NUMERIC,,,,,"Balance amount charged off as uncollectible, essential for loss provisioning and financial reporting on bad debts."
FACTACCOUNTSNAPSHOT_FINAL,Payment Due Date,paymentduedate,TIMESTAMP WITHOUT TIME ZONE,,,,,"Date when the payment is due, critical for billing cycles and delinquency tracking."
FACTACCOUNTSNAPSHOT_FINAL,Balance Cash,balancecash,NUMERIC,,,,,"Cash balance available in the account, used for liquidity analysis and cash flow management."
FACTACCOUNTSNAPSHOT_FINAL,External Status,external_status,CHARACTER VARYING,,,,,"Status of the account from an external system, facilitating integration and status synchronization."
FACTACCOUNTSNAPSHOT_FINAL,Flag VIP,flagvip,CHARACTER VARYING,,,,,"Flag indicating VIP status for the customer, for prioritized service and exclusive offers."
FACTACCOUNTSNAPSHOT_FINAL,Close Date,close_date,TIMESTAMP WITHOUT TIME ZONE,,,,,"Date when the account was closed, used for account lifecycle tracking and historical analysis."
FACTACCOUNTSNAPSHOT_FINAL,Asset,asset,NUMERIC,,,,,"Total assets associated with the account, for net worth calculations and financial health assessment."
FACTACCOUNTSNAPSHOT_FINAL,Credit Limit Utilization Rate,creditlimit_utilizationrate,NUMERIC,,,,,"Rate of credit limit utilization, indicating how much of the limit is used, key for credit risk and borrowing behavior analysis."
FACTACCOUNTSNAPSHOT_FINAL,Day Sales Outstanding,dso,NUMERIC,,,,,"Days sales outstanding, measuring the average number of days taken to collect payment, for cash flow and efficiency metrics."
FACTACCOUNTSNAPSHOT_FINAL,Debt to Income,dti,NUMERIC,,,,,"Debt-to-income ratio, assessing the customer's debt relative to income, crucial for lending eligibility and risk evaluation."
FACTACCOUNTSNAPSHOT_FINAL,DTI Recommendation,dti_recommendation,CHARACTER VARYING,,,,,"Recommendation based on debt-to-income ratio, providing guidance on credit decisions and financial advice."
FACTACCOUNTSNAPSHOT_FINAL,Banking Relationship in Months,banking_relationship_in_months,CHARACTER VARYING,,,,,"Duration of the banking relationship in months, used to gauge customer loyalty and tailor retention strategies."
FACTACCOUNTSNAPSHOT_FINAL,Banking Relationship Advice,banking_relationship_advice,CHARACTER VARYING,,,,,"Advice related to the banking relationship, offering insights or suggestions for improving customer engagement."
FACTACCOUNTSNAPSHOT_FINAL,Current Delinquency Bucket,currentdelinquencybucket,CHARACTER VARYING,,,,,"Bucket or category for current delinquency status, for segmented risk assessment and reporting."
FACTACCOUNTSNAPSHOT_FINAL,Previous Delinquency Bucket,previousdelinquencybucket,CHARACTER VARYING,,,,,"Bucket for previous delinquency status, enabling trend analysis of payment behaviors over time."
FACTACCOUNTSNAPSHOT_FINAL,Cycle Ending Balance,cycleendingbalance,NUMERIC,,,,,"Balance at the end of the billing cycle, for cycle-specific financial summaries."
FACTACCOUNTSNAPSHOT_FINAL,Retention Forecast,retention_forecast,NUMERIC,,,,,"Forecasted retention rate, predicting customer loyalty and informing retention campaigns."
FACTACCOUNTSNAPSHOT_FINAL,Customer Gained Forecast,cust_gained_forecast,NUMERIC,,,,,"Forecast of customers gained, for projecting growth and acquisition success."
FACTACCOUNTSNAPSHOT_FINAL,Customer Lost Forecast,cust_lost_forecast,NUMERIC,,,,,"Forecast of customers lost, for churn analysis and retention planning."
FACTACCOUNTSNAPSHOT_FINAL,Open Date,open_date,TIMESTAMP WITHOUT TIME ZONE,,,,,"Date when the account was opened, tracking the start of the account lifecycle."
FACTACCOUNTSNAPSHOT_FINAL,Relationship Start Date,relationship_start_date,TIMESTAMP WITHOUT TIME ZONE,,,,,"Date when the customer relationship began, for longevity and relationship management."
FACTACCOUNTSNAPSHOT_FINAL,Flag Extended Payment Terms,flag_extendedpaymentterms,CHARACTER VARYING,,,,,"Flag for extended payment terms, indicating flexible payment options for customers."
FACTACCOUNTSNAPSHOT_FINAL,Flag Unreliable Inconsistent Payments,flag_unreliableinconsistentpayments,CHARACTER VARYING,,,,,"Flag for unreliable or inconsistent payments, highlighting high-risk accounts for intervention."
FACTACCOUNTSNAPSHOT_FINAL,Flag Suddenly Go Out of Business,flag_suddenlygooutofbusiness,CHARACTER VARYING,,,,,"Flag indicating if the customer has suddenly gone out of business, for risk and recovery actions."
FACTACCOUNTSNAPSHOT_FINAL,Flag Traditionally High-Risk Sector or Industry,flag_traditionallyhigh_risksector_or_industry,CHARACTER VARYING,,,,,"Flag for customers in traditionally high-risk sectors, for enhanced due diligence and monitoring."
FACTACCOUNTSNAPSHOT_FINAL,Flag Patchy Communication with Customer,flag_patchycommunicationwithcustomer,CHARACTER VARYING,,,,,"Flag for patchy communication with the customer, signaling potential issues in customer engagement."
FACTACCOUNTSNAPSHOT_FINAL,Credit Limit Utilization Rate Recommendation,creditlimit_utilizationrate_recommendation,CHARACTER VARYING,,,,,"Recommendation on credit limit utilization rate, providing actionable insights for limit adjustments and customer advice."
FACTACCOUNTSNAPSHOT_FINAL,DSO Recommendation,dso_recommendation,CHARACTER VARYING,,,,,"Recommendation based on days sales outstanding, guiding decisions on credit extensions and collection strategies."
FACTACCOUNTSNAPSHOT_FINAL,Final Recommendation Recommendation,finalrecommendation_recommendation,CHARACTER VARYING,,,,,"Final recommendation on account actions, synthesizing various factors for comprehensive decision-making."
FACTACCOUNTSNAPSHOT_FINAL,Credit Limit Utilization Rate New Card Recommendation,creditlimit_utilizationrate_newcard_recommendation,CHARACTER VARYING,,,,,"Recommendation for new card based on credit limit utilization rate, assessing eligibility for additional cards."
FACTACCOUNTSNAPSHOT_FINAL,Customer Spending Type Distribution Recommendation,customer_spendingtypedistributionrecommendation,CHARACTER VARYING,,,,,"Recommendation on spending type distribution for the customer, tailoring suggestions to their spending habits."
FACTACCOUNTSNAPSHOT_FINAL,Final Recommendation New Card,finalrecommendation_newcard,CHARACTER VARYING,,,,,"Final recommendation for issuing a new card, based on customer profile and risk assessment."
FACTACCOUNTSNAPSHOT_FINAL,Campaign Name,campaignname,CHARACTER VARYING,,,,,"Name of the marketing campaign associated with the account, for tracking campaign effectiveness."
FACTACCOUNTSNAPSHOT_FINAL,Credit Limit Date,creditlimitdate,TIMESTAMP WITHOUT TIME ZONE,,,,,"Date of the last credit limit adjustment, for historical tracking of limit changes."
FACTACCOUNTSNAPSHOT_FINAL,Additional Recommendation,additionalrecommendation,CHARACTER VARYING,,,,,"Additional recommendations for the account, providing supplementary advice based on analysis."
FACTACCOUNTSNAPSHOT_FINAL,Campaign Start Date,campaign_startdate,DATE,,,,,"Start date of the campaign, for timing campaign impacts on account behavior."
FACTACCOUNTSNAPSHOT_FINAL,Campaign End Date,campaign_enddate,DATE,,,,,"End date of the campaign, for evaluating campaign duration and results."
FACTACCOUNTSNAPSHOT_FINAL,Churn Rate,churnrate,NUMERIC,,,,,"Rate of customer churn, predicting and analyzing customer attrition for retention efforts."
FACTACCOUNTSNAPSHOT_FINAL,CUSTOMER_EARNED_CURRENT_PERIOD,CUSTOMER_EARNED_CURRENT_PERIOD,NUMERIC,,,,,The Number of Customers Earned in the current Period
FACTACCOUNTSNAPSHOT_FINAL,CUSTOMER_LOST_CURRENT_PERIOD,CUSTOMER_LOST_CURRENT_PERIOD,NUMERIC,,,,,The Number of Customers lost in the current Period
FACTACCOUNTSNAPSHOT_FINAL,Load Date,load_date,DATE,,,,,"Date when the data was loaded, for data freshness and ETL auditing."
FACTACCOUNTSNAPSHOT_FINAL,Loaded By,loaded_by,CHARACTER,,,,,"User or process that loaded the data, for traceability and data governance."
